workspace_id,organization_id,workspace_name,description,created_at
WS0001,ORG0004,Workspace-1,Produce kitchen citizen direction writer focus watch under.,2026-05-13
WS0002,ORG0003,Workspace-2,Else can safe per reason.,2024-05-26
WS0003,ORG0002,Workspace-3,Company important person station.,2025-08-14
WS0004,ORG0001,Workspace-4,Ability pass others throughout walk already.,2024-01-13
WS0005,ORG0002,Workspace-5,Agreement help full rate everything left.,2025-02-05
WS0006,ORG0004,Workspace-6,Alone affect add environment on player.,2024-07-27
WS0007,ORG0003,Workspace-7,Study skin vote less purpose example bill hope product piece.,2026-07-09
WS0008,ORG0005,Workspace-8,Bad lose reason check low space modern.,2024-09-29
WS0009,ORG0001,Workspace-9,Record word decade or go prevent.,2023-11-02
WS0010,ORG0004,Workspace-10,White as whom technology whom these industry program never tonight.,2025-02-22
WS0011,ORG0004,Workspace-11,Room still improve can its.,2026-03-13
WS0012,ORG0001,Workspace-12,Condition purpose nation media through material.,2024-02-07
WS0013,ORG0004,Workspace-13,Baby difficult so toward during fish continue door author I.,2023-09-06
WS0014,ORG0003,Workspace-14,Sometimes husband group sound represent.,2024-09-08
WS0015,ORG0004,Workspace-15,Hard radio animal six song cover fire.,2024-12-29
WS0016,ORG0003,Workspace-16,East structure claim item grow.,2025-03-12
WS0017,ORG0004,Workspace-17,Material power late happy where which break specific.,2026-03-31
WS0018,ORG0001,Workspace-18,Maybe any couple simply design person site.,2023-10-04
WS0019,ORG0003,Workspace-19,Together piece find political first.,2025-02-06
WS0020,ORG0001,Workspace-20,Relate thank or local around apply.,2025-11-12
WS0021,ORG0004,Workspace-21,Responsibility marriage individual friend plan.,2024-06-03
WS0022,ORG0005,Workspace-22,Government else part create education go perform five establish.,2025-06-11
WS0023,ORG0003,Workspace-23,Apply big recognize after lawyer carry.,2024-11-09
WS0024,ORG0001,Workspace-24,Public act drug society very.,2025-04-08
WS0025,ORG0003,Workspace-25,Buy build really and heart sing since relate this mother.,2023-11-20
WS0026,ORG0001,Workspace-26,Single realize lay past respond structure source behind.,2024-06-10
WS0027,ORG0003,Workspace-27,West man memory owner board before compare.,2025-09-14
WS0028,ORG0004,Workspace-28,Seven shake worry inside financial vote surface score.,2023-08-25
WS0029,ORG0003,Workspace-29,Tv building worry open.,2025-12-16
WS0030,ORG0004,Workspace-30,Any second computer low recent brother hospital range follow.,2025-10-09
